{"flutter":{"platforms":{"android":{"default":{"projectId":"dap-2024-final-project","appId":"1:725729088217:android:9e10653dbc2e59eaade4c8","fileOutput":"android/app/google-services.json"}},"dart":{"lib/firebase_options.dart":{"projectId":"dap-2024-final-project","configurations":{"android":"1:725729088217:android:9e10653dbc2e59eaade4c8","ios":"1:725729088217:ios:15c8b581acca0a99ade4c8","macos":"1:725729088217:ios:15c8b581acca0a99ade4c8","web":"1:725729088217:web:55c1196791fd08dcade4c8","windows":"1:725729088217:web:e55c8db32c6b7ddaade4c8"}}}}}}